Algorithm,FuncID,Dimension,Ideal,Best_Fitness,Mean_Fitness,Worst_Fitness,Std_Dev,SEM,Avg_Time_s,Runs,Max_FES,Success_Rate
rao2,27,10,2.700000e+03,3.088472e+03,3.089761e+03,3.091426e+03,6.286444e-01,1.147742e-01,282.75,30,250000,0.0%
rao2,28,10,2.800000e+03,3.100000e+03,3.166481e+03,3.411822e+03,9.552716e+01,1.744079e+01,308.16,30,250000,0.0%
rao2,30,10,3.000000e+03,3.233808e+03,3.240760e+03,3.247450e+03,3.585233e+00,6.545709e-01,450.40,30,250000,0.0%
